{"cameraMode":{"drawMode":0,"name":"Shaded","section":"Shading Mode"},"sceneLighting":true,"audioPlay":false,"sceneViewState":{"showFog":true,"showMaterialUpdate":false,"showSkybox":true,"showFlares":true,"showImageEffects":true,"showParticleSystems":true},"in2DMode":false,"pivot":{"x":-28.631567001342775,"y":248.75511169433595,"z":-401.9658203125},"rotation":{"x":0.0035630695056170227,"y":0.9964103102684021,"z":-0.06375571340322495,"w":0.055653221905231479},"size":5.108141899108887,"orthographic":false}