{"cameraMode":{"drawMode":0,"name":"Shaded","section":"Shading Mode"},"sceneLighting":true,"audioPlay":false,"sceneViewState":{"showFog":true,"showMaterialUpdate":false,"showSkybox":true,"showFlares":true,"showImageEffects":true,"showParticleSystems":true},"in2DMode":false,"pivot":{"x":-0.7363014221191406,"y":14.680343627929688,"z":20.821266174316408},"rotation":{"x":0.26221194863319399,"y":0.03618009015917778,"z":-0.00983206182718277,"w":0.9642993807792664},"size":60.62334060668945,"orthographic":false}