{"cameraMode":{"drawMode":0,"name":"Shaded","section":"Shading Mode"},"sceneLighting":false,"audioPlay":false,"sceneViewState":{"showFog":true,"showMaterialUpdate":false,"showSkybox":false,"showFlares":true,"showImageEffects":true,"showParticleSystems":true},"in2DMode":false,"pivot":{"x":3.1599998474121095,"y":17.375621795654298,"z":7.893218040466309},"rotation":{"x":0.020825641229748727,"y":0.9749253392219544,"z":-0.10363011807203293,"w":0.19589745998382569},"size":6.156993865966797,"orthographic":false}